duplicate_customer_id,original_customer_id
DUP1000,LC101852
DUP1001,LC155929
DUP1002,LC135317
DUP1003,LC185770
DUP1004,LC155671
DUP1005,LC185419
DUP1006,LC128335
DUP1007,LC101323
DUP1008,LC185247
DUP1009,LC121839
DUP1010,LC120722
DUP1011,LC100565
DUP1012,LC105326
DUP1013,LC133480
DUP1014,LC131613
DUP1015,LC163553
DUP1016,LC125674
DUP1017,LC151751
DUP1018,LC194947
DUP1019,LC180058
DUP1020,LC146073
DUP1021,LC179295
DUP1022,LC182046
DUP1023,LC157234
DUP1024,LC172284
DUP1025,LC172099
DUP1026,LC155878
DUP1027,LC123660
DUP1028,LC148924
DUP1029,LC182224
DUP1030,LC149515
DUP1031,LC132314
DUP1032,LC136047
DUP1033,LC117988
DUP1034,LC170014
DUP1035,LC134875
DUP1036,LC147528
DUP1037,LC175783
DUP1038,LC112675
DUP1039,LC146856
DUP1040,LC185588
DUP1041,LC119906
DUP1042,LC165366
DUP1043,LC161483
DUP1044,LC182814
DUP1045,LC189230
DUP1046,LC179303
DUP1047,LC162760
DUP1048,LC141268
DUP1049,LC194964
DUP1050,LC112003
DUP1051,LC103175
DUP1052,LC156565
DUP1053,LC160837
DUP1054,LC179249
DUP1055,LC176890
DUP1056,LC131367
DUP1057,LC158567
DUP1058,LC162935
DUP1059,LC174996
DUP1060,LC173037
DUP1061,LC136591
DUP1062,LC136061
DUP1063,LC105513
DUP1064,LC123094
DUP1065,LC136105
DUP1066,LC155980
DUP1067,LC183453
DUP1068,LC191629
DUP1069,LC103542
DUP1070,LC148918
DUP1071,LC165987
DUP1072,LC141084
DUP1073,LC179801
DUP1074,LC162908
DUP1075,LC142285
DUP1076,LC130827
DUP1077,LC183349
DUP1078,LC178467
DUP1079,LC126489
DUP1080,LC181312
DUP1081,LC167412
DUP1082,LC160181
DUP1083,LC177098
DUP1084,LC146193
DUP1085,LC150180
DUP1086,LC156238
DUP1087,LC129792
DUP1088,LC180680
DUP1089,LC192091
DUP1090,LC138968
DUP1091,LC171166
DUP1092,LC188630
DUP1093,LC102211
DUP1094,LC162934
DUP1095,LC155532
DUP1096,LC169448
DUP1097,LC136809
DUP1098,LC102323
DUP1099,LC171468
DUP1100,LC141212
DUP1101,LC171195
DUP1102,LC195230
DUP1103,LC113213
DUP1104,LC183224
DUP1105,LC171613
DUP1106,LC163536
DUP1107,LC100494
DUP1108,LC192517
DUP1109,LC181765
DUP1110,LC113123
DUP1111,LC106531
DUP1112,LC111364
DUP1113,LC109780
DUP1114,LC199435
DUP1115,LC140985
DUP1116,LC116593
DUP1117,LC169694
DUP1118,LC102671
DUP1119,LC114367
DUP1120,LC137679
DUP1121,LC108237
DUP1122,LC116636
DUP1123,LC168150
DUP1124,LC117114
DUP1125,LC156652
DUP1126,LC143786
DUP1127,LC103594
DUP1128,LC155595
DUP1129,LC155377
DUP1130,LC191533
DUP1131,LC141291
DUP1132,LC137356
DUP1133,LC128317
DUP1134,LC166979
DUP1135,LC144247
DUP1136,LC132976
DUP1137,LC108246
DUP1138,LC187860
DUP1139,LC168126
DUP1140,LC120698
DUP1141,LC147660
DUP1142,LC184418
DUP1143,LC148908
DUP1144,LC193880
DUP1145,LC177440
DUP1146,LC155153
DUP1147,LC124291
DUP1148,LC181796
DUP1149,LC173369
DUP1150,LC164474
DUP1151,LC190200
DUP1152,LC106054
DUP1153,LC127297
DUP1154,LC119755
DUP1155,LC198404
DUP1156,LC185092
DUP1157,LC105039
DUP1158,LC183558
DUP1159,LC197454
DUP1160,LC132895
DUP1161,LC199311
DUP1162,LC133512
DUP1163,LC170194
DUP1164,LC172916
DUP1165,LC120167
DUP1166,LC175576
DUP1167,LC171609
DUP1168,LC165482
DUP1169,LC181438
DUP1170,LC152231
DUP1171,LC152173
DUP1172,LC153100
DUP1173,LC150046
DUP1174,LC160704
DUP1175,LC171530
DUP1176,LC194364
DUP1177,LC145506
DUP1178,LC191571
DUP1179,LC100460
DUP1180,LC146382
DUP1181,LC136157
DUP1182,LC149610
DUP1183,LC172090
DUP1184,LC151189
DUP1185,LC148890
DUP1186,LC138326
DUP1187,LC135718
DUP1188,LC188078
DUP1189,LC129613
DUP1190,LC171051
DUP1191,LC108865
DUP1192,LC134658
DUP1193,LC145861
DUP1194,LC156630
DUP1195,LC137580
DUP1196,LC172617
DUP1197,LC193564
DUP1198,LC153020
DUP1199,LC125918
DUP1200,LC122591
DUP1201,LC141710
DUP1202,LC102886
DUP1203,LC121206
DUP1204,LC103149
DUP1205,LC165941
DUP1206,LC124947
DUP1207,LC114453
DUP1208,LC168616
DUP1209,LC192599
DUP1210,LC126234
DUP1211,LC194631
DUP1212,LC171922
DUP1213,LC184157
DUP1214,LC163415
DUP1215,LC198005
DUP1216,LC117019
DUP1217,LC181035
DUP1218,LC192167
DUP1219,LC106472
DUP1220,LC116653
DUP1221,LC190408
DUP1222,LC186918
DUP1223,LC168023
DUP1224,LC199202
DUP1225,LC140301
DUP1226,LC133703
DUP1227,LC144818
DUP1228,LC138874
DUP1229,LC175252
DUP1230,LC132577
DUP1231,LC109485
DUP1232,LC149242
DUP1233,LC162623
DUP1234,LC188923
DUP1235,LC150567
DUP1236,LC132499
DUP1237,LC182558
DUP1238,LC147638
DUP1239,LC126722
DUP1240,LC177727
DUP1241,LC194195
DUP1242,LC181421
DUP1243,LC119489
DUP1244,LC135362
DUP1245,LC102184
DUP1246,LC124181
DUP1247,LC180143
DUP1248,LC111344
DUP1249,LC147642
DUP1250,LC112238
DUP1251,LC146710
DUP1252,LC151723
DUP1253,LC131957
DUP1254,LC130300
DUP1255,LC120154
DUP1256,LC120499
DUP1257,LC187447
DUP1258,LC175118
DUP1259,LC120054
DUP1260,LC165949
DUP1261,LC117925
DUP1262,LC104032
DUP1263,LC121094
DUP1264,LC155742
DUP1265,LC101914
DUP1266,LC156063
DUP1267,LC185354
DUP1268,LC161848
DUP1269,LC174050
DUP1270,LC143323
DUP1271,LC198277
DUP1272,LC118499
DUP1273,LC132013
DUP1274,LC164045
DUP1275,LC113803
DUP1276,LC184912
DUP1277,LC173536
DUP1278,LC151149
DUP1279,LC139233
DUP1280,LC152595
DUP1281,LC150702
DUP1282,LC117460
DUP1283,LC152333
DUP1284,LC125260
DUP1285,LC144834
DUP1286,LC117535
DUP1287,LC158751
DUP1288,LC167053
DUP1289,LC176855
DUP1290,LC179517
DUP1291,LC177862
DUP1292,LC133783
DUP1293,LC154708
DUP1294,LC119460
DUP1295,LC134067
DUP1296,LC164959
DUP1297,LC196179
DUP1298,LC146339
DUP1299,LC100077
DUP1300,LC135284
DUP1301,LC154171
DUP1302,LC199678
DUP1303,LC156531
DUP1304,LC166862
DUP1305,LC131916
DUP1306,LC138922
DUP1307,LC180808
DUP1308,LC123360
DUP1309,LC135790
DUP1310,LC191010
DUP1311,LC112161
DUP1312,LC107849
DUP1313,LC152352
DUP1314,LC109806
DUP1315,LC117572
DUP1316,LC160719
DUP1317,LC119730
DUP1318,LC118327
DUP1319,LC174905
DUP1320,LC101934
DUP1321,LC182855
DUP1322,LC195219
DUP1323,LC197786
DUP1324,LC170070
DUP1325,LC196485
DUP1326,LC195728
DUP1327,LC117907
DUP1328,LC129612
DUP1329,LC188701
DUP1330,LC110595
DUP1331,LC168584
DUP1332,LC147969
DUP1333,LC195638
DUP1334,LC119927
DUP1335,LC136396
DUP1336,LC127934
DUP1337,LC103644
DUP1338,LC161766
DUP1339,LC160358
DUP1340,LC193509
DUP1341,LC166067
DUP1342,LC102704
DUP1343,LC109734
DUP1344,LC154638
DUP1345,LC100298
DUP1346,LC113036
DUP1347,LC180563
DUP1348,LC187799
DUP1349,LC190099
DUP1350,LC160658
DUP1351,LC155385
DUP1352,LC131382
DUP1353,LC101747
DUP1354,LC162135
DUP1355,LC179355
DUP1356,LC106961
DUP1357,LC174453
DUP1358,LC152580
DUP1359,LC130402
DUP1360,LC167194
DUP1361,LC172242
DUP1362,LC190298
DUP1363,LC164621
DUP1364,LC110329
DUP1365,LC124239
DUP1366,LC161321
DUP1367,LC177973
DUP1368,LC195163
DUP1369,LC126150
DUP1370,LC184405
DUP1371,LC107035
DUP1372,LC139729
DUP1373,LC178779
DUP1374,LC162856
DUP1375,LC188542
DUP1376,LC119691
DUP1377,LC113245
DUP1378,LC152234
DUP1379,LC193677
DUP1380,LC105491
DUP1381,LC162381
DUP1382,LC127145
DUP1383,LC104681
DUP1384,LC139451
DUP1385,LC172915
DUP1386,LC116961
DUP1387,LC118395
DUP1388,LC111780
DUP1389,LC118702
DUP1390,LC198102
DUP1391,LC126798
DUP1392,LC141820
DUP1393,LC191776
DUP1394,LC100541
DUP1395,LC184599
DUP1396,LC194848
DUP1397,LC102529
DUP1398,LC197306
DUP1399,LC192049
DUP1400,LC156330
DUP1401,LC196781
DUP1402,LC152370
DUP1403,LC105575
DUP1404,LC194503
DUP1405,LC119009
DUP1406,LC199856
DUP1407,LC126685
DUP1408,LC184149
DUP1409,LC179086
DUP1410,LC134853
DUP1411,LC196019
DUP1412,LC189359
DUP1413,LC197867
DUP1414,LC151979
DUP1415,LC128155
DUP1416,LC126766
DUP1417,LC136264
DUP1418,LC186467
DUP1419,LC109638
DUP1420,LC131845
DUP1421,LC144478
DUP1422,LC195027
DUP1423,LC139367
DUP1424,LC156826
DUP1425,LC113595
DUP1426,LC167315
DUP1427,LC193108
DUP1428,LC136405
DUP1429,LC124091
DUP1430,LC195289
DUP1431,LC107145
DUP1432,LC194034
DUP1433,LC109174
DUP1434,LC126520
DUP1435,LC176583
DUP1436,LC182234
DUP1437,LC141264
DUP1438,LC117111
DUP1439,LC101773
DUP1440,LC134673
DUP1441,LC143007
DUP1442,LC155050
DUP1443,LC164994
DUP1444,LC161418
DUP1445,LC128026
DUP1446,LC115216
DUP1447,LC132563
DUP1448,LC128803
DUP1449,LC128782
DUP1450,LC130095
DUP1451,LC164494
DUP1452,LC132772
DUP1453,LC127431
DUP1454,LC121326
DUP1455,LC196138
DUP1456,LC148425
DUP1457,LC188545
DUP1458,LC161298
DUP1459,LC113180
DUP1460,LC107447
DUP1461,LC188645
DUP1462,LC159313
DUP1463,LC107433
DUP1464,LC106569
DUP1465,LC193337
DUP1466,LC102809
DUP1467,LC192072
DUP1468,LC194589
DUP1469,LC141319
DUP1470,LC171621
DUP1471,LC133003
DUP1472,LC136846
DUP1473,LC156323
DUP1474,LC117149
DUP1475,LC110132
DUP1476,LC189764
DUP1477,LC117774
DUP1478,LC139446
DUP1479,LC163971
DUP1480,LC162210
DUP1481,LC162582
DUP1482,LC114818
DUP1483,LC125040
DUP1484,LC123773
DUP1485,LC142624
DUP1486,LC134827
DUP1487,LC114829
DUP1488,LC177693
DUP1489,LC185267
DUP1490,LC157426
DUP1491,LC184007
DUP1492,LC185147
DUP1493,LC194085
DUP1494,LC183361
DUP1495,LC190892
DUP1496,LC158215
DUP1497,LC110674
DUP1498,LC105794
DUP1499,LC113994
DUP1500,LC140128
DUP1501,LC184012
DUP1502,LC151321
DUP1503,LC195531
DUP1504,LC185123
DUP1505,LC134071
DUP1506,LC165556
DUP1507,LC140846
DUP1508,LC190034
DUP1509,LC149784
DUP1510,LC177563
DUP1511,LC112805
DUP1512,LC193506
DUP1513,LC120848
DUP1514,LC117628
DUP1515,LC152014
DUP1516,LC181911
DUP1517,LC195615
DUP1518,LC188361
DUP1519,LC124972
DUP1520,LC179716
DUP1521,LC108170
DUP1522,LC168885
DUP1523,LC171573
DUP1524,LC127941
DUP1525,LC190496
DUP1526,LC185859
DUP1527,LC105252
DUP1528,LC137747
DUP1529,LC125931
DUP1530,LC134796
DUP1531,LC119194
DUP1532,LC186497
DUP1533,LC104330
DUP1534,LC143145
DUP1535,LC197714
DUP1536,LC159764
DUP1537,LC170839
DUP1538,LC136794
DUP1539,LC135663
DUP1540,LC139878
DUP1541,LC168666
DUP1542,LC134774
DUP1543,LC137746
DUP1544,LC164563
DUP1545,LC180589
DUP1546,LC104358
DUP1547,LC144423
DUP1548,LC147980
DUP1549,LC142568
DUP1550,LC108766
DUP1551,LC170443
DUP1552,LC119570
DUP1553,LC162893
DUP1554,LC117199
DUP1555,LC170124
DUP1556,LC103294
DUP1557,LC199393
DUP1558,LC148387
DUP1559,LC150471
DUP1560,LC140422
DUP1561,LC194973
DUP1562,LC197813
DUP1563,LC161663
DUP1564,LC152867
DUP1565,LC111144
DUP1566,LC183609
DUP1567,LC100787
DUP1568,LC106275
DUP1569,LC199379
DUP1570,LC129617
DUP1571,LC105912
DUP1572,LC163597
DUP1573,LC179126
DUP1574,LC168948
DUP1575,LC102621
DUP1576,LC141301
DUP1577,LC139894
DUP1578,LC161621
DUP1579,LC138999
DUP1580,LC183500
DUP1581,LC192365
DUP1582,LC112338
DUP1583,LC143358
DUP1584,LC109412
DUP1585,LC136964
DUP1586,LC139156
DUP1587,LC177387
DUP1588,LC138425
DUP1589,LC194925
DUP1590,LC139196
DUP1591,LC164557
DUP1592,LC152298
DUP1593,LC112423
DUP1594,LC191624
DUP1595,LC143028
DUP1596,LC145664
DUP1597,LC175296
DUP1598,LC199948
DUP1599,LC192144
DUP1600,LC104554
DUP1601,LC161222
DUP1602,LC134446
DUP1603,LC118601
DUP1604,LC169592
DUP1605,LC126267
DUP1606,LC187555
DUP1607,LC119015
DUP1608,LC162737
DUP1609,LC153821
DUP1610,LC120168
DUP1611,LC128842
DUP1612,LC151883
DUP1613,LC190786
DUP1614,LC125679
DUP1615,LC127204
DUP1616,LC154488
DUP1617,LC194711
DUP1618,LC186202
DUP1619,LC164247
DUP1620,LC148286
DUP1621,LC145624
DUP1622,LC179876
DUP1623,LC182525
DUP1624,LC111536
DUP1625,LC150235
DUP1626,LC163533
DUP1627,LC101930
DUP1628,LC127683
DUP1629,LC130468
DUP1630,LC122907
DUP1631,LC166431
DUP1632,LC151226
DUP1633,LC168749
DUP1634,LC195726
DUP1635,LC151004
DUP1636,LC127723
DUP1637,LC102159
DUP1638,LC128841
DUP1639,LC136692
DUP1640,LC187524
DUP1641,LC141781
DUP1642,LC195169
DUP1643,LC191535
DUP1644,LC158139
DUP1645,LC112031
DUP1646,LC126351
DUP1647,LC100403
DUP1648,LC138972
DUP1649,LC145357
DUP1650,LC147671
DUP1651,LC148116
DUP1652,LC130284
DUP1653,LC113309
DUP1654,LC173878
DUP1655,LC111584
DUP1656,LC199747
DUP1657,LC153558
DUP1658,LC170939
DUP1659,LC189276
DUP1660,LC110451
DUP1661,LC197929
DUP1662,LC157162
DUP1663,LC177221
DUP1664,LC177848
DUP1665,LC187801
DUP1666,LC195287
DUP1667,LC169831
DUP1668,LC172789
DUP1669,LC152184
DUP1670,LC196123
DUP1671,LC126081
DUP1672,LC191201
DUP1673,LC199840
DUP1674,LC106513
DUP1675,LC185892
DUP1676,LC142033
DUP1677,LC179089
DUP1678,LC156573
DUP1679,LC121083
DUP1680,LC169152
DUP1681,LC184475
DUP1682,LC152764
DUP1683,LC168326
DUP1684,LC145982
DUP1685,LC100884
DUP1686,LC163254
DUP1687,LC105501
DUP1688,LC101020
DUP1689,LC120657
DUP1690,LC187943
DUP1691,LC160852
DUP1692,LC102303
DUP1693,LC109694
DUP1694,LC195496
DUP1695,LC144396
DUP1696,LC130514
DUP1697,LC170419
DUP1698,LC130562
DUP1699,LC118647
DUP1700,LC191831
DUP1701,LC196129
DUP1702,LC128758
DUP1703,LC148929
DUP1704,LC138152
DUP1705,LC193262
DUP1706,LC126191
DUP1707,LC164776
DUP1708,LC184073
DUP1709,LC109636
DUP1710,LC118247
DUP1711,LC121382
DUP1712,LC113874
DUP1713,LC170388
DUP1714,LC154995
DUP1715,LC108460
DUP1716,LC139239
DUP1717,LC107467
DUP1718,LC126712
DUP1719,LC171068
DUP1720,LC199044
DUP1721,LC187338
DUP1722,LC125208
DUP1723,LC127281
DUP1724,LC103961
DUP1725,LC179370
DUP1726,LC132371
DUP1727,LC187466
DUP1728,LC118293
DUP1729,LC167316
DUP1730,LC171466
DUP1731,LC130231
DUP1732,LC113950
DUP1733,LC169432
DUP1734,LC109183
DUP1735,LC102252
DUP1736,LC111874
DUP1737,LC111136
DUP1738,LC129544
DUP1739,LC181432
DUP1740,LC139493
DUP1741,LC190975
DUP1742,LC134555
DUP1743,LC110312
DUP1744,LC191415
DUP1745,LC103309
DUP1746,LC148449
DUP1747,LC148422
DUP1748,LC114841
DUP1749,LC136422
DUP1750,LC194717
DUP1751,LC169889
DUP1752,LC185409
DUP1753,LC194909
DUP1754,LC156668
DUP1755,LC111029
DUP1756,LC137293
DUP1757,LC109308
DUP1758,LC154291
DUP1759,LC117177
DUP1760,LC198566
DUP1761,LC173907
DUP1762,LC167581
DUP1763,LC116083
DUP1764,LC162778
DUP1765,LC157815
DUP1766,LC139463
DUP1767,LC145605
DUP1768,LC191722
DUP1769,LC169722
DUP1770,LC173423
DUP1771,LC168219
DUP1772,LC116780
DUP1773,LC136171
DUP1774,LC117453
DUP1775,LC133919
DUP1776,LC175692
DUP1777,LC128415
DUP1778,LC134182
DUP1779,LC194861
DUP1780,LC114297
DUP1781,LC155437
DUP1782,LC167717
DUP1783,LC156872
DUP1784,LC137865
DUP1785,LC129309
DUP1786,LC141225
DUP1787,LC192360
DUP1788,LC154445
DUP1789,LC170594
DUP1790,LC106777
DUP1791,LC181703
DUP1792,LC174693
DUP1793,LC145350
DUP1794,LC147619
DUP1795,LC148034
DUP1796,LC179182
DUP1797,LC145051
DUP1798,LC199407
DUP1799,LC139706
DUP1800,LC171626
DUP1801,LC118080
DUP1802,LC199770
DUP1803,LC199181
DUP1804,LC168032
DUP1805,LC180455
DUP1806,LC161493
DUP1807,LC140184
DUP1808,LC171275
DUP1809,LC190602
DUP1810,LC143768
DUP1811,LC199173
DUP1812,LC125421
DUP1813,LC164521
DUP1814,LC111833
DUP1815,LC135061
DUP1816,LC176621
DUP1817,LC106751
DUP1818,LC122505
DUP1819,LC129306
DUP1820,LC147048
DUP1821,LC107875
DUP1822,LC116266
DUP1823,LC135100
DUP1824,LC102933
DUP1825,LC156337
DUP1826,LC126521
DUP1827,LC106765
DUP1828,LC165028
DUP1829,LC143178
DUP1830,LC185842
DUP1831,LC168872
DUP1832,LC106567
DUP1833,LC149922
DUP1834,LC146635
DUP1835,LC182835
DUP1836,LC153125
DUP1837,LC178470
DUP1838,LC104282
DUP1839,LC123181
DUP1840,LC131829
DUP1841,LC193182
DUP1842,LC194048
DUP1843,LC191517
DUP1844,LC153406
DUP1845,LC177126
DUP1846,LC158123
DUP1847,LC114316
DUP1848,LC130649
DUP1849,LC121194
DUP1850,LC103414
DUP1851,LC154801
DUP1852,LC131205
DUP1853,LC142702
DUP1854,LC129010
DUP1855,LC195722
DUP1856,LC149648
DUP1857,LC128054
DUP1858,LC161577
DUP1859,LC194281
DUP1860,LC149248
DUP1861,LC125452
DUP1862,LC160337
DUP1863,LC130724
DUP1864,LC109259
DUP1865,LC153191
DUP1866,LC151993
DUP1867,LC134567
DUP1868,LC132570
DUP1869,LC111163
DUP1870,LC150003
DUP1871,LC141005
DUP1872,LC196251
DUP1873,LC162291
DUP1874,LC164117
DUP1875,LC145731
DUP1876,LC112698
DUP1877,LC133425
DUP1878,LC130105
DUP1879,LC189239
DUP1880,LC145657
DUP1881,LC169494
DUP1882,LC192438
DUP1883,LC158983
DUP1884,LC189588
DUP1885,LC139482
DUP1886,LC128742
DUP1887,LC103965
DUP1888,LC105685
DUP1889,LC107913
DUP1890,LC129832
DUP1891,LC169554
DUP1892,LC104927
DUP1893,LC189279
DUP1894,LC129046
DUP1895,LC124806
DUP1896,LC166216
DUP1897,LC158444
DUP1898,LC199961
DUP1899,LC106708
DUP1900,LC191564
DUP1901,LC162127
DUP1902,LC135062
DUP1903,LC157611
DUP1904,LC153330
DUP1905,LC194584
DUP1906,LC140879
DUP1907,LC105327
DUP1908,LC169674
DUP1909,LC195476
DUP1910,LC143311
DUP1911,LC199339
DUP1912,LC173557
DUP1913,LC111154
DUP1914,LC100246
DUP1915,LC104056
DUP1916,LC100820
DUP1917,LC174497
DUP1918,LC151900
DUP1919,LC107574
DUP1920,LC145301
DUP1921,LC113492
DUP1922,LC190352
DUP1923,LC181889
DUP1924,LC167217
DUP1925,LC151667
DUP1926,LC195343
DUP1927,LC192640
DUP1928,LC106793
DUP1929,LC154046
DUP1930,LC116359
DUP1931,LC114261
DUP1932,LC187559
DUP1933,LC138562
DUP1934,LC167307
DUP1935,LC153970
DUP1936,LC137542
DUP1937,LC198770
DUP1938,LC120731
DUP1939,LC171317
DUP1940,LC121347
DUP1941,LC101757
DUP1942,LC112977
DUP1943,LC188172
DUP1944,LC194332
DUP1945,LC169076
DUP1946,LC130116
DUP1947,LC157344
DUP1948,LC115650
DUP1949,LC166369
DUP1950,LC147684
DUP1951,LC143527
DUP1952,LC107105
DUP1953,LC120190
DUP1954,LC103440
DUP1955,LC136854
DUP1956,LC118814
DUP1957,LC167453
DUP1958,LC154804
DUP1959,LC139620
DUP1960,LC155281
DUP1961,LC199270
DUP1962,LC159141
DUP1963,LC150731
DUP1964,LC113266
DUP1965,LC155157
DUP1966,LC138396
DUP1967,LC151324
DUP1968,LC120415
DUP1969,LC148377
DUP1970,LC175087
DUP1971,LC101884
DUP1972,LC161959
DUP1973,LC187176
DUP1974,LC125958
DUP1975,LC160478
DUP1976,LC137038
DUP1977,LC147041
DUP1978,LC140121
DUP1979,LC157744
DUP1980,LC141077
DUP1981,LC186606
DUP1982,LC189106
DUP1983,LC138497
DUP1984,LC135842
DUP1985,LC151588
DUP1986,LC179189
DUP1987,LC183817
DUP1988,LC162673
DUP1989,LC118738
DUP1990,LC105529
DUP1991,LC145304
DUP1992,LC114290
DUP1993,LC108355
DUP1994,LC187328
DUP1995,LC123236
DUP1996,LC132764
DUP1997,LC141017
DUP1998,LC143833
DUP1999,LC117341
DUP2000,LC114951
DUP2001,LC197286
DUP2002,LC146305
DUP2003,LC185578
DUP2004,LC182627
DUP2005,LC128235
DUP2006,LC172378
DUP2007,LC121468
DUP2008,LC106213
DUP2009,LC101994
DUP2010,LC115041
DUP2011,LC159929
DUP2012,LC110280
DUP2013,LC178832
DUP2014,LC185461
DUP2015,LC151561
DUP2016,LC131349
DUP2017,LC177703
DUP2018,LC194041
DUP2019,LC150747
DUP2020,LC145151
DUP2021,LC163650
DUP2022,LC174655
DUP2023,LC174024
DUP2024,LC194056
DUP2025,LC144320
DUP2026,LC147797
DUP2027,LC178121
DUP2028,LC159305
DUP2029,LC149463
DUP2030,LC187662
DUP2031,LC188393
DUP2032,LC104479
DUP2033,LC180933
DUP2034,LC147906
DUP2035,LC185634
DUP2036,LC183922
DUP2037,LC187389
DUP2038,LC186595
DUP2039,LC167002
DUP2040,LC167145
DUP2041,LC149286
DUP2042,LC199722
DUP2043,LC100178
DUP2044,LC139345
DUP2045,LC154974
DUP2046,LC149741
DUP2047,LC199511
DUP2048,LC123639
DUP2049,LC156888
DUP2050,LC134016
DUP2051,LC123748
DUP2052,LC171238
DUP2053,LC151994
DUP2054,LC107910
DUP2055,LC125597
DUP2056,LC167970
DUP2057,LC166372
DUP2058,LC135010
DUP2059,LC154933
DUP2060,LC122428
DUP2061,LC141978
DUP2062,LC116370
DUP2063,LC175765
DUP2064,LC174968
DUP2065,LC189050
DUP2066,LC176566
DUP2067,LC192381
DUP2068,LC187285
DUP2069,LC105691
DUP2070,LC151758
DUP2071,LC198397
DUP2072,LC111701
DUP2073,LC143121
DUP2074,LC153907
DUP2075,LC159252
DUP2076,LC173810
DUP2077,LC167325
DUP2078,LC104407
DUP2079,LC162319
DUP2080,LC188367
DUP2081,LC151664
DUP2082,LC145473
DUP2083,LC117227
DUP2084,LC120627
DUP2085,LC111017
DUP2086,LC160907
DUP2087,LC143811
DUP2088,LC110330
DUP2089,LC128840
DUP2090,LC171506
DUP2091,LC141347
DUP2092,LC122818
DUP2093,LC147153
DUP2094,LC127363
DUP2095,LC169534
DUP2096,LC120899
DUP2097,LC165895
DUP2098,LC135004
DUP2099,LC106179
DUP2100,LC105258
DUP2101,LC131530
DUP2102,LC105483
DUP2103,LC184518
DUP2104,LC108043
DUP2105,LC158614
DUP2106,LC187146
DUP2107,LC125780
DUP2108,LC108245
DUP2109,LC138691
DUP2110,LC110027
DUP2111,LC196284
DUP2112,LC112089
DUP2113,LC188223
DUP2114,LC169201
DUP2115,LC171849
DUP2116,LC195334
DUP2117,LC146478
DUP2118,LC110618
DUP2119,LC167282
DUP2120,LC186701
DUP2121,LC194179
DUP2122,LC193332
DUP2123,LC115993
DUP2124,LC117207
DUP2125,LC194515
DUP2126,LC158243
DUP2127,LC190159
DUP2128,LC140081
DUP2129,LC178907
DUP2130,LC158044
DUP2131,LC119977
DUP2132,LC139484
DUP2133,LC187819
DUP2134,LC119751
DUP2135,LC129873
DUP2136,LC105248
DUP2137,LC123169
DUP2138,LC102076
DUP2139,LC175375
DUP2140,LC186661
DUP2141,LC193293
DUP2142,LC169159
DUP2143,LC102891
DUP2144,LC111525
DUP2145,LC101806
DUP2146,LC189477
DUP2147,LC182123
DUP2148,LC196303
DUP2149,LC187624
DUP2150,LC102384
DUP2151,LC172354
DUP2152,LC132616
DUP2153,LC166059
DUP2154,LC138136
DUP2155,LC154501
DUP2156,LC147722
DUP2157,LC188038
DUP2158,LC106520
DUP2159,LC116423
DUP2160,LC119923
DUP2161,LC196657
DUP2162,LC131245
DUP2163,LC103449
DUP2164,LC127234
DUP2165,LC159777
DUP2166,LC138127
DUP2167,LC131149
DUP2168,LC161635
DUP2169,LC157911
DUP2170,LC163101
DUP2171,LC157301
DUP2172,LC166836
DUP2173,LC115709
DUP2174,LC170953
DUP2175,LC144266
DUP2176,LC146351
DUP2177,LC104025
DUP2178,LC140534
DUP2179,LC176677
DUP2180,LC157361
DUP2181,LC173806
DUP2182,LC179177
DUP2183,LC111205
DUP2184,LC111068
DUP2185,LC138769
DUP2186,LC115363
DUP2187,LC170942
DUP2188,LC122535
DUP2189,LC100117
DUP2190,LC120973
DUP2191,LC131042
DUP2192,LC194845
DUP2193,LC193722
DUP2194,LC176598
DUP2195,LC158921
DUP2196,LC141877
DUP2197,LC176592
DUP2198,LC188625
DUP2199,LC134118
DUP2200,LC115389
DUP2201,LC146542
DUP2202,LC118777
DUP2203,LC118762
DUP2204,LC106182
DUP2205,LC199878
DUP2206,LC121129
DUP2207,LC119878
DUP2208,LC143955
DUP2209,LC171417
DUP2210,LC135977
DUP2211,LC179117
DUP2212,LC160971
DUP2213,LC163884
DUP2214,LC163589
DUP2215,LC171628
DUP2216,LC169701
DUP2217,LC151762
DUP2218,LC162302
DUP2219,LC118537
DUP2220,LC153223
DUP2221,LC163835
DUP2222,LC131039
DUP2223,LC156123
DUP2224,LC171431
DUP2225,LC128284
DUP2226,LC136505
DUP2227,LC107790
DUP2228,LC190467
DUP2229,LC193812
DUP2230,LC183405
DUP2231,LC164044
DUP2232,LC139406
DUP2233,LC183562
DUP2234,LC110844
DUP2235,LC128653
DUP2236,LC154065
DUP2237,LC115345
DUP2238,LC115016
DUP2239,LC191095
DUP2240,LC116837
DUP2241,LC119134
DUP2242,LC171060
DUP2243,LC128604
DUP2244,LC123257
DUP2245,LC156963
DUP2246,LC129766
DUP2247,LC197896
DUP2248,LC167488
DUP2249,LC105165
DUP2250,LC183513
DUP2251,LC151454
DUP2252,LC181181
DUP2253,LC143426
DUP2254,LC158766
DUP2255,LC128735
DUP2256,LC125289
DUP2257,LC167604
DUP2258,LC167321
DUP2259,LC182897
DUP2260,LC107835
DUP2261,LC151868
DUP2262,LC101110
DUP2263,LC149634
DUP2264,LC116879
DUP2265,LC147617
DUP2266,LC163958
DUP2267,LC197806
DUP2268,LC174345
DUP2269,LC132161
DUP2270,LC127500
DUP2271,LC142979
DUP2272,LC174772
DUP2273,LC173419
DUP2274,LC102884
DUP2275,LC136123
DUP2276,LC106193
DUP2277,LC105638
DUP2278,LC174740
DUP2279,LC129887
DUP2280,LC138055
DUP2281,LC192213
DUP2282,LC198115
DUP2283,LC133202
DUP2284,LC116121
DUP2285,LC115812
DUP2286,LC194881
DUP2287,LC189979
DUP2288,LC120318
DUP2289,LC166413
DUP2290,LC107990
DUP2291,LC101584
DUP2292,LC190536
DUP2293,LC133886
DUP2294,LC163206
DUP2295,LC131621
DUP2296,LC175972
DUP2297,LC185500
DUP2298,LC121868
DUP2299,LC144019
DUP2300,LC134101
DUP2301,LC142014
DUP2302,LC133578
DUP2303,LC145156
DUP2304,LC121548
DUP2305,LC136752
DUP2306,LC111697
DUP2307,LC119208
DUP2308,LC169221
DUP2309,LC184354
DUP2310,LC190002
DUP2311,LC124908
DUP2312,LC143966
DUP2313,LC123218
DUP2314,LC181567
DUP2315,LC136742
DUP2316,LC142700
DUP2317,LC184378
DUP2318,LC150558
DUP2319,LC126029
DUP2320,LC101839
DUP2321,LC106902
DUP2322,LC195670
DUP2323,LC168549
DUP2324,LC182908
DUP2325,LC142855
DUP2326,LC181338
DUP2327,LC186443
DUP2328,LC182794
DUP2329,LC173805
DUP2330,LC161002
DUP2331,LC161223
DUP2332,LC168610
DUP2333,LC199138
DUP2334,LC100907
DUP2335,LC190502
DUP2336,LC133482
DUP2337,LC136099
DUP2338,LC150835
DUP2339,LC141502
DUP2340,LC186865
DUP2341,LC104281
DUP2342,LC144273
DUP2343,LC155863
DUP2344,LC118721
DUP2345,LC105844
DUP2346,LC196248
DUP2347,LC131559
DUP2348,LC125379
DUP2349,LC187794
DUP2350,LC121946
DUP2351,LC128725
DUP2352,LC169957
DUP2353,LC153638
DUP2354,LC185364
DUP2355,LC124785
DUP2356,LC182278
DUP2357,LC118545
DUP2358,LC115264
DUP2359,LC197728
DUP2360,LC166271
DUP2361,LC176975
DUP2362,LC124280
DUP2363,LC190082
DUP2364,LC124953
DUP2365,LC152774
DUP2366,LC177746
DUP2367,LC132008
DUP2368,LC192215
DUP2369,LC146158
DUP2370,LC190715
DUP2371,LC136660
DUP2372,LC135700
DUP2373,LC125617
DUP2374,LC128346
DUP2375,LC125786
DUP2376,LC174906
DUP2377,LC128969
DUP2378,LC193075
DUP2379,LC152335
DUP2380,LC123884
DUP2381,LC178225
DUP2382,LC199761
DUP2383,LC172010
DUP2384,LC176123
DUP2385,LC156478
DUP2386,LC167483
DUP2387,LC105447
DUP2388,LC108294
DUP2389,LC196803
DUP2390,LC162987
DUP2391,LC145373
DUP2392,LC168234
DUP2393,LC176716
DUP2394,LC146706
DUP2395,LC121280
DUP2396,LC119005
DUP2397,LC117179
DUP2398,LC127722
DUP2399,LC133030
DUP2400,LC114807
DUP2401,LC142562
DUP2402,LC105093
DUP2403,LC117003
DUP2404,LC155574
DUP2405,LC187688
DUP2406,LC120987
DUP2407,LC137765
DUP2408,LC178645
DUP2409,LC172701
DUP2410,LC122579
DUP2411,LC108538
DUP2412,LC190917
DUP2413,LC157231
DUP2414,LC149385
DUP2415,LC119472
DUP2416,LC110449
DUP2417,LC131933
DUP2418,LC103669
DUP2419,LC130775
DUP2420,LC199490
DUP2421,LC167186
DUP2422,LC170876
DUP2423,LC111418
DUP2424,LC118629
DUP2425,LC138246
DUP2426,LC134417
DUP2427,LC191628
DUP2428,LC192572
DUP2429,LC198374
DUP2430,LC155778
DUP2431,LC156097
DUP2432,LC138288
DUP2433,LC105077
DUP2434,LC156242
DUP2435,LC173761
DUP2436,LC193925
DUP2437,LC108436
DUP2438,LC199792
DUP2439,LC135567
DUP2440,LC114034
DUP2441,LC197646
DUP2442,LC129870
DUP2443,LC117580
DUP2444,LC195523
DUP2445,LC182529
DUP2446,LC117008
DUP2447,LC144351
DUP2448,LC144820
DUP2449,LC105269
DUP2450,LC149346
DUP2451,LC117482
DUP2452,LC114616
DUP2453,LC109316
DUP2454,LC132714
DUP2455,LC118141
DUP2456,LC116380
DUP2457,LC132461
DUP2458,LC147359
DUP2459,LC127009
DUP2460,LC169379
DUP2461,LC159637
DUP2462,LC114351
DUP2463,LC128214
DUP2464,LC168245
DUP2465,LC181741
DUP2466,LC191432
DUP2467,LC147663
DUP2468,LC153967
DUP2469,LC113981
DUP2470,LC194554
DUP2471,LC112814
DUP2472,LC121116
DUP2473,LC194177
DUP2474,LC185299
DUP2475,LC122698
DUP2476,LC113424
DUP2477,LC112337
DUP2478,LC114894
DUP2479,LC134421
DUP2480,LC136153
DUP2481,LC125770
DUP2482,LC116480
DUP2483,LC165389
DUP2484,LC129420
DUP2485,LC102507
DUP2486,LC184385
DUP2487,LC143537
DUP2488,LC158386
DUP2489,LC196253
DUP2490,LC110252
DUP2491,LC124826
DUP2492,LC175928
DUP2493,LC139017
DUP2494,LC185490
DUP2495,LC108792
DUP2496,LC158784
DUP2497,LC101957
DUP2498,LC123789
DUP2499,LC111080
